date,pageviews
2022-10-01,43
2022-10-02,54
2022-10-03,37
2022-10-04,40
2022-10-05,52
2022-10-06,49
2022-10-07,39
2022-10-08,30
2022-10-09,30
2022-10-10,37
2022-10-11,35
2022-10-12,33
2022-10-13,37
2022-10-14,44
2022-10-15,34
2022-10-16,32
2022-10-17,36
2022-10-18,37
2022-10-19,26
2022-10-20,41
2022-10-21,40
2022-10-22,40
2022-10-23,44
2022-10-24,45
2022-10-25,32
2022-10-26,31
2022-10-27,37
2022-10-28,30
2022-10-29,52
2022-10-30,37
2022-10-31,41
2022-11-01,30
2022-11-02,41
2022-11-03,37
2022-11-04,46
2022-11-05,46
2022-11-06,51
2022-11-07,45
2022-11-08,33
2022-11-09,36
2022-11-10,37
2022-11-11,38
2022-11-12,39
2022-11-13,40
2022-11-14,52
2022-11-15,39
2022-11-16,37
2022-11-17,44
2022-11-18,36
2022-11-19,42
2022-11-20,44
2022-11-21,40
2022-11-22,42
2022-11-23,50
2022-11-24,51
2022-11-25,61
2022-11-26,68
2022-11-27,54
2022-11-28,41
2022-11-29,54
2022-11-30,34
2022-12-01,41
2022-12-02,48
2022-12-03,43
2022-12-04,57
2022-12-05,34
2022-12-06,28
2022-12-07,45
2022-12-08,37
2022-12-09,43
2022-12-10,46
2022-12-11,48
2022-12-12,31
2022-12-13,51
2022-12-14,41
2022-12-15,36
2022-12-16,33
2022-12-17,42
2022-12-18,54
2022-12-19,30
2022-12-20,41
2022-12-21,37
2022-12-22,38
2022-12-23,36
2022-12-24,41
2022-12-25,58
2022-12-26,58
2022-12-27,54
2022-12-28,54
2022-12-29,28
2022-12-30,51
2022-12-31,48
2023-01-01,131
2023-01-02,57
2023-01-03,46
2023-01-04,44
2023-01-05,47
2023-01-06,50
2023-01-07,33
2023-01-08,25
2023-01-09,39
2023-01-10,43
2023-01-11,33
2023-01-12,33
2023-01-13,25
2023-01-14,32
2023-01-15,42
2023-01-16,26
2023-01-17,55
2023-01-18,49
2023-01-19,45
2023-01-20,35
2023-01-21,34
2023-01-22,34
2023-01-23,37
2023-01-24,114
2023-01-25,48
2023-01-26,53
2023-01-27,37
2023-01-28,34
2023-01-29,43
2023-01-30,111
2023-01-31,29
2023-02-01,94
2023-02-02,35
2023-02-03,46
2023-02-04,37
2023-02-05,33
2023-02-06,40
2023-02-07,42
2023-02-08,36
2023-02-09,28
2023-02-10,39
2023-02-11,36
2023-02-12,43
2023-02-13,30
2023-02-14,38
2023-02-15,32
2023-02-16,30
2023-02-17,36
2023-02-18,30
2023-02-19,39
2023-02-20,24
2023-02-21,28
2023-02-22,41
2023-02-23,46
2023-02-24,33
2023-02-25,37
2023-02-26,42
2023-02-27,32
2023-02-28,48
2023-03-01,32
2023-03-02,37
2023-03-03,30
2023-03-04,25
2023-03-05,33
2023-03-06,40
2023-03-07,36
2023-03-08,43
2023-03-09,27
2023-03-10,34
2023-03-11,42
2023-03-12,34
2023-03-13,32
2023-03-14,26
2023-03-15,32
2023-03-16,18
2023-03-17,11
2023-03-18,4
2023-03-19,5
2023-03-20,7
2023-03-21,5
2023-03-22,7
2023-03-23,1
2023-03-24,4
2023-03-25,4
2023-03-26,5
2023-03-27,8
2023-03-28,4
2023-03-29,3
2023-03-30,7
2023-03-31,3
2023-04-01,4
2023-04-02,8
2023-04-03,8
2023-04-04,2
2023-04-05,2
2023-04-06,3
2023-04-07,2
2023-04-08,4
2023-04-09,6
2023-04-10,2
2023-04-11,8
2023-04-12,9
2023-04-13,7
2023-04-14,5
2023-04-15,6
2023-04-16,4
2023-04-17,5
2023-04-18,2
2023-04-19,3
2023-04-20,5
2023-04-21,5
2023-04-22,7
2023-04-23,6
2023-04-24,7
2023-04-25,4
2023-04-26,6
2023-04-27,3
2023-04-28,2
2023-04-29,4
2023-04-30,2
2023-05-01,7
2023-05-02,6
2023-05-03,9
2023-05-04,28
2023-05-05,43
2023-05-06,32
2023-05-07,13
2023-05-08,11
2023-05-09,7
2023-05-10,24
2023-05-11,9
2023-05-12,15
2023-05-13,37
2023-05-14,9
2023-05-15,9
2023-05-16,10
2023-05-17,8
2023-05-18,20
2023-05-19,9
2023-05-20,11
2023-05-21,7
2023-05-22,9
2023-05-23,15
2023-05-24,14
2023-05-25,7
2023-05-26,7
2023-05-27,12
2023-05-28,1
2023-05-29,4
2023-05-30,9
2023-05-31,1
2023-06-01,6
2023-06-02,9
2023-06-03,6
2023-06-04,9
2023-06-05,11
2023-06-06,2
2023-06-07,9
2023-06-08,5
2023-06-09,4
2023-06-10,7
2023-06-11,3
2023-06-12,65
2023-06-13,7
2023-06-14,25
2023-06-15,8
2023-06-16,5
2023-06-17,6
2023-06-18,6
2023-06-19,3
2023-06-20,8
2023-06-21,8
2023-06-22,5
2023-06-23,5
2023-06-25,5
2023-06-26,3
2023-06-27,4
2023-06-28,9
2023-06-29,6
2023-06-30,7
2023-07-01,5
2023-07-02,4
2023-07-03,8
2023-07-04,6
2023-07-05,6
2023-07-06,3
2023-07-07,8
2023-07-08,7
2023-07-09,5
2023-07-10,28
2023-07-11,3
2023-07-12,10
2023-07-13,7
2023-07-14,4
2023-07-15,6
2023-07-16,2
2023-07-17,10
2023-07-18,12
2023-07-19,13
2023-07-20,7
2023-07-21,8
2023-07-22,6
2023-07-23,5
2023-07-24,7
2023-07-25,6
2023-07-26,9
2023-07-27,7
2023-07-28,6
2023-07-29,8
2023-07-30,8
2023-07-31,3
2023-08-01,6
2023-08-02,8
2023-08-03,7
2023-08-04,3
2023-08-05,5
2023-08-06,13
2023-08-07,14
2023-08-08,11
2023-08-09,9
2023-08-10,14
2023-08-11,11
2023-08-12,7
2023-08-13,8
2023-08-14,7
2023-08-15,5
2023-08-16,7
2023-08-17,10
2023-08-18,7
2023-08-19,8
2023-08-20,5
2023-08-21,9
2023-08-22,11
2023-08-23,14
2023-08-24,19
2023-08-25,10
2023-08-26,7
2023-08-27,4
2023-08-28,8
2023-08-29,10
2023-08-30,10
2023-08-31,4
2023-09-01,8
2023-09-02,9
2023-09-03,4
2023-09-04,8
2023-09-05,4
2023-09-06,9
2023-09-07,9
2023-09-08,8
2023-09-09,11
2023-09-10,7
2023-09-11,8
2023-09-12,6
2023-09-13,14
2023-09-14,9
2023-09-15,8
2023-09-16,12
2023-09-17,127
2023-09-18,24
2023-09-19,9
2023-09-20,23
2023-09-21,8
2023-09-22,9
2023-09-23,12
2023-09-24,4
2023-09-25,14
2023-09-26,13
2023-09-27,2
2023-09-28,10
2023-09-29,9
2023-09-30,6
2023-10-01,5
2023-10-02,15
2023-10-03,4
2023-10-04,10
2023-10-05,13
2023-10-06,53
2023-10-07,7
2023-10-08,1
2023-10-09,9
2023-10-10,7
2023-10-11,4
2023-10-12,13
2023-10-13,10
2023-10-14,7
2023-10-15,9
2023-10-16,6
2023-10-17,9
2023-10-18,8
2023-10-19,9
2023-10-20,7
2023-10-21,6
2023-10-22,10
2023-10-23,38
2023-10-24,15
2023-10-25,16
2023-10-26,22
2023-10-27,12
2023-10-28,8
2023-10-29,17
2023-10-30,13
2023-10-31,8
2023-11-01,6
2023-11-02,10
2023-11-03,10
2023-11-04,10
2023-11-05,11
2023-11-06,79
2023-11-07,52
2023-11-08,237
2023-11-09,149
2023-11-10,76
2023-11-11,60
2023-11-12,75
2023-11-13,64
2023-11-14,70
2023-11-15,79
2023-11-16,59
2023-11-17,41
2023-11-18,44
2023-11-19,51
2023-11-20,61
2023-11-21,52
2023-11-22,50
2023-11-23,41
2023-11-24,46
2023-11-25,44
2023-11-26,31
2023-11-27,43
2023-11-28,40
2023-11-29,42
2023-11-30,40
2023-12-01,67
2023-12-02,114
2023-12-03,91
2023-12-04,21711
2023-12-05,341519
2023-12-06,153488
2023-12-07,82441
2023-12-08,56454
2023-12-09,43030
2023-12-10,37048
2023-12-11,30401
2023-12-12,23745
2023-12-13,20067
2023-12-14,18171
2023-12-15,16337
2023-12-16,15345
2023-12-17,14070
2023-12-18,14072
2023-12-19,12160
2023-12-20,10736
2023-12-21,12599
2023-12-22,14911
2023-12-23,11897
2023-12-24,11080
2023-12-25,11465
2023-12-26,10871
2023-12-27,9906
2023-12-28,9642
2023-12-29,9623
2023-12-30,9007
2023-12-31,9335
2024-01-01,9521
2024-01-02,9561
2024-01-03,9288
2024-01-04,8662
2024-01-05,8091
2024-01-06,8331
2024-01-07,8250
2024-01-08,7747
2024-01-09,8510
2024-01-10,8198
2024-01-11,7742
2024-01-12,7166
2024-01-13,6940
2024-01-14,7100
2024-01-15,6766
2024-01-16,6563
2024-01-17,6475
2024-01-18,7037
2024-01-19,7166
2024-01-20,7394
2024-01-21,7360
2024-01-22,6664
2024-01-23,6252
2024-01-24,6349
2024-01-25,6587
2024-01-26,6743
2024-01-27,7508
2024-01-28,7719
2024-01-29,7730
2024-01-30,7122
2024-01-31,6879
2024-02-01,6331
2024-02-02,6196
2024-02-03,6704
2024-02-04,6942
2024-02-05,6096
2024-02-06,6085
2024-02-07,6223
2024-02-08,6668
2024-02-09,6452
2024-02-10,6771
2024-02-11,6529
2024-02-12,5982
2024-02-13,5779
2024-02-14,5940
2024-02-15,5948
2024-02-16,6309
2024-02-17,6477
2024-02-18,6477
2024-02-19,6251
2024-02-20,6424
2024-02-21,6609
2024-02-22,6119
2024-02-23,5606
2024-02-24,5880
2024-02-25,6045
2024-02-26,5922
2024-02-27,6099
2024-02-28,6142
2024-02-29,6984
2024-03-01,6079
2024-03-02,6152
2024-03-03,7223
2024-03-04,5983
2024-03-05,7028
2024-03-06,5496
2024-03-07,5168
2024-03-08,5774
2024-03-09,5560
2024-03-10,5616
2024-03-11,5229
2024-03-12,5438
2024-03-13,4953
2024-03-14,5103
2024-03-15,5180
2024-03-16,5281
2024-03-17,5538
2024-03-18,5654
2024-03-19,5318
2024-03-20,5387
2024-03-21,5476
2024-03-22,5361
2024-03-23,7350
2024-03-24,6029
2024-03-25,5539
2024-03-26,4986
2024-03-27,4850
2024-03-28,5298
2024-03-29,4984
2024-03-30,5224
2024-03-31,5303
2024-04-01,6305
2024-04-02,6126
2024-04-03,5306
2024-04-04,5135
2024-04-05,4703
2024-04-06,4590
2024-04-07,4594
2024-04-08,4726
2024-04-09,4571
2024-04-10,4850
2024-04-11,4631
2024-04-12,4386
2024-04-13,4266
2024-04-14,4656
2024-04-15,4779
2024-04-16,4418
2024-04-17,4807
2024-04-18,4599
2024-04-19,4512
2024-04-20,4680
2024-04-21,5389
2024-04-22,4793
2024-04-23,4432
2024-04-24,4292
2024-04-25,4556
2024-04-26,4300
2024-04-27,4505
2024-04-28,4853
2024-04-29,5292
2024-04-30,4780
2024-05-01,4791
2024-05-02,4877
2024-05-03,4465
2024-05-04,4364
2024-05-05,5026
2024-05-06,5076
2024-05-07,4478
2024-05-08,4499
2024-05-09,4762
2024-05-10,3993
2024-05-11,3610
2024-05-12,3939
2024-05-13,4393
2024-05-14,4152
2024-05-15,4036
2024-05-16,7827
2024-05-17,10560
2024-05-18,6277
2024-05-19,4854
2024-05-20,4640
2024-05-21,4761
2024-05-22,4183
2024-05-23,4152
2024-05-24,3943
2024-05-25,3809
2024-05-26,4245
2024-05-27,4528
2024-05-28,4475
2024-05-29,4585
2024-05-30,4600
2024-05-31,4390
2024-06-01,4284
2024-06-02,5049
2024-06-03,5216
2024-06-04,4276
2024-06-05,4337
2024-06-06,4046
2024-06-07,4171
2024-06-08,4254
2024-06-09,4702
2024-06-10,4832
2024-06-11,4422
2024-06-12,4146
2024-06-13,4269
2024-06-14,3990
2024-06-15,3759
2024-06-16,4245
2024-06-17,4332
2024-06-18,4382
2024-06-19,4351
2024-06-20,4104
2024-06-21,4123
2024-06-22,4126
2024-06-23,4360
2024-06-24,4384
2024-06-25,3976
2024-06-26,3995
2024-06-27,4145
2024-06-28,3718
2024-06-29,3797
2024-06-30,3952
2024-07-01,4171
2024-07-02,4234
2024-07-03,4166
2024-07-04,4224
2024-07-05,4244
2024-07-06,4417
2024-07-07,4734
2024-07-08,4616
2024-07-09,4724
2024-07-10,5104
2024-07-11,4503
2024-07-12,4445
2024-07-13,4431
2024-07-14,4483
2024-07-15,4779
2024-07-16,5114
2024-07-17,4698
2024-07-18,4407
2024-07-19,4296
2024-07-20,4601
2024-07-21,5057
2024-07-22,5268
2024-07-23,4893
2024-07-24,5106
2024-07-25,5322
2024-07-26,5368
2024-07-27,5316
2024-07-28,5510
2024-07-29,5223
2024-07-30,5042
2024-07-31,4790
2024-08-01,4912
2024-08-02,4717
2024-08-03,4539
2024-08-04,5088
2024-08-05,5049
2024-08-06,4831
2024-08-07,5534
2024-08-08,5789
2024-08-09,5640
2024-08-10,5078
2024-08-11,5312
2024-08-12,6265
2024-08-13,6317
2024-08-14,6873
2024-08-15,5692
2024-08-16,5586
2024-08-17,5580
2024-08-18,6360
2024-08-19,7729
2024-08-20,7241
2024-08-21,7400
2024-08-22,6822
2024-08-23,5568
2024-08-24,5400
2024-08-25,6059
2024-08-26,5830
2024-08-27,5614
2024-08-28,5195
2024-08-29,5543
2024-08-30,5415
2024-08-31,6707
2024-09-01,7656
2024-09-02,7304
2024-09-03,6680
2024-09-04,6368
2024-09-05,6943
2024-09-06,7608
2024-09-07,7638
2024-09-08,9433
2024-09-09,8115
2024-09-10,8415
2024-09-11,7202
2024-09-12,6508
2024-09-13,6100
2024-09-14,6107
2024-09-15,6433
2024-09-16,7326
2024-09-17,7247
2024-09-18,5929
2024-09-19,5454
2024-09-20,4983
2024-09-21,4887
2024-09-22,5751
2024-09-23,5918
2024-09-24,5983
2024-09-25,6360
2024-09-26,5854
2024-09-27,5332
2024-09-28,5225
2024-09-29,5917
2024-09-30,5715
2024-10-01,4843
2024-10-02,5066
2024-10-03,4952
2024-10-04,6259
2024-10-05,5874
2024-10-06,6607
2024-10-07,6240
2024-10-08,6076
2024-10-09,5613
2024-10-10,5308
2024-10-11,5401
2024-10-12,5306
2024-10-13,8563
2024-10-14,7213
2024-10-15,6925
2024-10-16,7112
2024-10-17,6757
2024-10-18,6710
2024-10-19,6188
2024-10-20,7695
2024-10-21,6990
2024-10-22,7258
2024-10-23,7957
2024-10-24,6514
2024-10-25,7273
2024-10-26,7903
2024-10-27,7639
2024-10-28,7866
2024-10-29,6812
2024-10-30,7124
2024-10-31,6403
2024-11-01,6294
2024-11-02,7240
2024-11-03,6887
2024-11-04,7299
2024-11-05,7021
2024-11-06,6867
2024-11-07,7764
2024-11-08,6536
2024-11-09,6526
2024-11-10,7300
2024-11-11,7325
2024-11-12,6718
2024-11-13,7355
2024-11-14,7443
2024-11-15,7059
2024-11-16,7224
2024-11-17,8236
2024-11-18,8825
2024-11-19,9492
2024-11-20,7711
2024-11-21,7660
2024-11-22,9912
2024-11-23,9421
2024-11-24,10125
2024-11-25,9923
2024-11-26,9330
2024-11-27,8310
2024-11-28,8428
2024-11-29,8386
2024-11-30,7870
2024-12-01,10026
2024-12-02,10336
2024-12-03,11824
2024-12-04,10780
2024-12-05,10357
2024-12-06,9453
2024-12-07,8260
2024-12-08,9016
2024-12-09,10106
2024-12-10,9999
2024-12-11,9020
2024-12-12,9265
2024-12-13,18536
2024-12-14,11327
2024-12-15,12383
2024-12-16,13153
2024-12-17,11162
2024-12-18,9072
2024-12-19,8119
2024-12-20,7919
2024-12-21,8660
2024-12-22,9898
2024-12-23,9526
2024-12-24,10518
2024-12-25,11245
2024-12-26,12797
2024-12-27,15441
2024-12-28,13775
2024-12-29,15135
2024-12-30,17490
2024-12-31,16187
2025-01-01,18275
2025-01-02,20554
2025-01-03,17799
2025-01-04,16437
2025-01-05,16068
2025-01-06,14746
2025-01-07,14035
2025-01-08,12750
2025-01-09,11861
2025-01-10,10808
2025-01-11,11192
2025-01-12,11563
2025-01-13,12499
2025-01-14,10609
2025-01-15,9853
2025-01-16,11039
2025-01-17,10464
2025-01-18,10430
2025-01-19,11459
2025-01-20,12433
2025-01-21,12282
2025-01-22,11216
2025-01-23,11675
2025-01-24,10177
2025-01-25,10084
2025-01-26,10438
2025-01-27,10485
2025-01-28,9244
2025-01-29,10065
2025-01-30,9599
2025-01-31,8969
2025-02-01,9142
2025-02-02,9455
2025-02-03,9322
2025-02-04,9033
2025-02-05,8786
2025-02-06,10675
2025-02-07,12188
2025-02-08,9148
2025-02-09,9158
2025-02-10,8878
2025-02-11,9495
2025-02-12,9757
2025-02-13,9670
2025-02-14,9245
2025-02-15,8719
2025-02-16,9925
2025-02-17,9906
2025-02-18,10578
2025-02-19,9800
2025-02-20,9465
2025-02-21,9261
2025-02-22,9156
2025-02-23,11462
2025-02-24,21006
2025-02-25,11614
2025-02-26,11043
2025-02-27,9810
2025-02-28,9526
2025-03-01,10695
2025-03-02,12353
2025-03-03,11265
2025-03-04,11266
2025-03-05,11924
2025-03-06,10020
2025-03-07,9769
2025-03-08,11436
2025-03-09,11196
2025-03-10,10021
2025-03-11,8731
2025-03-12,8365
2025-03-13,8330
2025-03-14,9439
2025-03-15,9905
2025-03-16,11009
2025-03-17,12566
2025-03-18,12023
2025-03-19,10768
2025-03-20,8787
2025-03-21,8330
2025-03-22,8865
2025-03-23,9850
2025-03-24,10954
2025-03-25,10728
2025-03-26,10792
2025-03-27,9360
2025-03-28,7702
2025-03-29,9263
2025-03-30,9287
2025-03-31,9562
2025-04-01,10099
2025-04-02,11359
2025-04-03,10853
2025-04-04,10714
2025-04-05,11043
2025-04-06,10475
2025-04-07,9144
2025-04-08,8753
2025-04-09,8741
2025-04-10,8906
2025-04-11,8339
2025-04-12,9123
2025-04-13,9915
2025-04-14,10189
2025-04-15,10479
2025-04-16,9919
2025-04-17,8536
2025-04-18,9921
2025-04-19,9367
2025-04-20,8951
2025-04-21,9049
2025-04-22,10185
2025-04-23,8906
2025-04-24,10470
2025-04-25,9397
2025-04-26,8365
2025-04-27,9419
2025-04-28,9369
2025-04-29,9234
2025-04-30,8979
2025-05-01,7912
2025-05-02,71796
2025-05-03,38744
2025-05-04,19391
2025-05-05,15976
2025-05-06,85823
2025-05-07,83648
2025-05-08,54793
2025-05-09,38960
2025-05-10,32338
2025-05-11,32563
2025-05-12,28578
2025-05-13,22308
2025-05-14,19532
2025-05-15,15692
2025-05-16,15679
2025-05-17,13598
2025-05-18,13102
2025-05-19,12139
2025-05-20,10731
2025-05-21,10476
2025-05-22,10076
2025-05-23,8965
2025-05-24,8888
2025-05-25,11137
2025-05-26,11734
2025-05-27,11493
2025-05-28,8986
2025-05-29,8230
2025-05-30,7923
2025-05-31,7580
2025-06-01,7350
2025-06-02,7001
2025-06-03,7230
2025-06-04,6799
2025-06-05,6971
2025-06-06,6404
2025-06-07,7454
2025-06-08,7533
2025-06-09,8005
2025-06-10,8085
2025-06-11,7917
2025-06-12,6806
2025-06-13,5765
2025-06-14,5815
2025-06-15,5824
2025-06-16,6194
2025-06-17,6059
2025-06-18,5510
2025-06-19,5622
2025-06-20,5126
2025-06-21,7070
2025-06-22,7546
2025-06-23,5519
2025-06-24,5388
2025-06-25,5520
2025-06-26,6709
2025-06-27,7974
2025-06-28,6824
2025-06-29,6513
2025-06-30,5623
2025-07-01,5077
2025-07-02,5085
2025-07-03,4844
2025-07-04,5397
2025-07-05,5281
2025-07-06,5614
2025-07-07,5059
2025-07-08,4939
2025-07-09,5101
2025-07-10,5059
2025-07-11,4633
2025-07-12,4757
2025-07-13,4983
2025-07-14,4877
2025-07-15,4947
2025-07-16,4929
2025-07-17,6521
2025-07-18,5462
2025-07-19,5278
2025-07-20,5540
2025-07-21,5680
2025-07-22,5292
2025-07-23,5029
2025-07-24,5431
2025-07-25,5428
2025-07-26,5541
2025-07-27,6270
2025-07-28,6210
2025-07-29,6142
2025-07-30,7027
2025-07-31,8419
2025-08-01,7095
2025-08-02,7032
2025-08-03,7675
2025-08-04,7241
2025-08-05,6495
2025-08-06,6448
2025-08-07,6558
2025-08-08,7806
2025-08-09,10084
2025-08-10,7320
2025-08-11,6782
2025-08-12,6408
2025-08-13,5997
2025-08-14,5582
2025-08-15,5251
2025-08-16,5243
2025-08-17,5570
2025-08-18,5453
2025-08-19,5959
2025-08-20,5941
2025-08-21,6149
2025-08-22,6102
2025-08-23,5528
2025-08-24,5845
2025-08-25,6009
2025-08-26,6081
2025-08-27,6002
2025-08-28,5348
2025-08-29,5441
2025-08-30,5712
2025-08-31,5579
2025-09-01,5707
2025-09-02,5999
2025-09-03,6339
2025-09-04,6205
2025-09-05,6391
2025-09-06,5930
2025-09-07,5992
2025-09-08,5820
2025-09-09,6144
2025-09-10,5722
2025-09-11,5435
2025-09-12,5725
2025-09-13,5619
2025-09-14,6450
2025-09-15,6839
2025-09-16,7245
2025-09-17,6788
2025-09-18,5968
2025-09-19,5547
2025-09-20,6009
2025-09-21,6113
2025-09-22,5995
2025-09-23,6013
2025-09-24,6157
2025-09-25,6614
2025-09-26,6035
2025-09-27,6047
2025-09-28,6546
2025-09-29,6440
2025-09-30,5825
2025-10-01,5732
2025-10-02,5837
2025-10-03,5638
2025-10-04,5843
2025-10-05,6356
2025-10-06,6294
2025-10-07,6061
2025-10-08,5998
2025-10-09,6014
2025-10-10,5775
2025-10-11,5529
2025-10-12,6386
2025-10-13,6286
2025-10-14,6164
2025-10-15,6072
2025-10-16,7638
2025-10-17,9362
2025-10-18,8148
2025-10-19,8438
2025-10-20,9266
2025-10-21,7145
2025-10-22,8519
2025-10-23,7157
2025-10-24,6780
2025-10-25,10584
2025-10-26,10257
2025-10-27,7953
2025-10-28,6802
2025-10-29,7092
2025-10-30,7231
2025-10-31,6914
2025-11-01,8078
2025-11-02,9231
2025-11-03,9163
2025-11-04,8274
2025-11-05,7792
2025-11-06,46124
2025-11-07,74548
2025-11-08,25627
2025-11-09,16161
2025-11-10,15162
2025-11-11,15340
2025-11-12,12024
2025-11-13,9475
2025-11-14,8158
2025-11-15,7430
2025-11-16,7467
2025-11-17,8016
2025-11-18,7833
2025-11-19,7670
2025-11-20,7133
2025-11-21,6796
2025-11-22,6210
2025-11-23,6810
2025-11-24,6542
2025-11-25,6740
2025-11-26,6621
2025-11-27,6489
2025-11-28,6311
2025-11-29,6154
2025-11-30,7144
2025-12-01,8846
2025-12-02,7206
2025-12-03,6023
2025-12-04,6058
2025-12-05,5721
2025-12-06,5988
2025-12-07,6345
2025-12-08,6244
2025-12-09,5979
2025-12-10,5967
2025-12-11,6108
2025-12-12,10692
2025-12-13,7455
2025-12-14,7086
2025-12-15,6650
2025-12-16,6105
2025-12-17,5785
2025-12-18,5505
2025-12-19,5274
2025-12-20,5624
2025-12-21,5717
2025-12-22,5828
2025-12-23,6277
2025-12-24,6316
2025-12-25,6705
2025-12-26,7391
2025-12-27,7507
2025-12-28,8789
2025-12-29,9557
2025-12-30,12308
2025-12-31,10378
2026-01-01,11627
2026-01-02,11861
2026-01-03,9708
2026-01-04,8754
2026-01-05,9328
2026-01-06,8387
2026-01-07,8225
2026-01-08,10064
2026-01-09,9658
2026-01-10,8354
2026-01-11,8076
2026-01-12,7488
2026-01-13,7506
2026-01-14,7364
2026-01-15,6930
2026-01-16,6562
2026-01-17,6381
2026-01-18,8587
2026-01-19,10472
2026-01-20,10005
2026-01-21,7601
2026-01-22,7780
2026-01-23,7233
2026-01-24,7297
2026-01-25,8002
2026-01-26,8821
2026-01-27,8561
2026-01-28,7667
2026-01-29,6818
2026-01-30,6867
2026-01-31,6740
2026-02-01,7458
2026-02-02,7002
2026-02-03,7199
2026-02-04,9917
2026-02-05,8314
2026-02-06,7518
2026-02-07,7244
2026-02-08,8125
2026-02-09,7625
2026-02-10,7106
2026-02-11,7227
2026-02-12,7007
2026-02-13,7261
2026-02-14,6871
2026-02-15,8038
2026-02-16,7848
2026-02-17,7572
2026-02-18,6889
2026-02-19,6851
2026-02-20,6579
2026-02-21,7139
2026-02-22,7445
2026-02-23,8224
2026-02-24,7784
2026-02-25,6980
2026-02-26,8061
2026-02-27,7222
2026-02-28,6425
2026-03-01,7216
2026-03-02,7256
2026-03-03,7053
2026-03-04,6986
2026-03-05,6875
2026-03-06,7573
2026-03-07,6964
2026-03-08,7078
2026-03-09,7892
2026-03-10,7440
2026-03-11,6605
2026-03-12,6954
2026-03-13,6840
2026-03-14,6998
2026-03-15,7274
2026-03-16,7083
2026-03-17,7807
2026-03-18,8276
2026-03-19,8330
2026-03-20,7968
2026-03-21,7562
2026-03-22,9598
2026-03-23,9576
2026-03-24,10008
2026-03-25,9939
2026-03-26,8978
2026-03-27,8857
2026-03-28,8513
2026-03-29,8433
2026-03-30,9590
2026-03-31,8637
2026-04-01,9030
2026-04-02,10798
2026-04-03,9457
2026-04-04,8498
2026-04-05,8832
2026-04-06,9282
2026-04-07,8918
2026-04-08,8443
2026-04-09,9510
2026-04-10,9533
2026-04-11,9497
2026-04-12,9689
2026-04-13,10064
2026-04-14,9893
2026-04-15,8164
2026-04-16,7951
2026-04-17,7098
2026-04-18,6605
2026-04-19,7348
2026-04-20,7369
2026-04-21,7055
2026-04-22,6455
2026-04-23,6595
2026-04-24,7419
2026-04-25,6967
2026-04-26,7271
2026-04-27,8233
2026-04-28,8261
2026-04-29,14906
2026-04-30,9917
2026-05-01,7923
2026-05-02,9520
2026-05-03,9987
2026-05-04,10073
2026-05-05,10707
2026-05-06,10168
2026-05-07,9079
2026-05-08,8586
2026-05-09,9960
2026-05-10,9551
2026-05-11,10388
2026-05-12,12113
2026-05-13,10184
2026-05-14,12536
2026-05-15,12605
2026-05-16,9936
2026-05-17,10997
2026-05-18,17544
2026-05-19,15637
2026-05-20,12616
2026-05-21,12700
2026-05-22,11814
2026-05-23,10219
2026-05-24,9283
2026-05-25,10773
2026-05-26,21503
2026-05-27,13243
2026-05-28,10169
2026-05-29,9623
2026-05-30,8740
2026-05-31,8353
2026-06-01,7975
2026-06-02,8947
2026-06-03,10854
2026-06-04,9564
2026-06-05,8566
2026-06-06,8357
2026-06-07,10045
2026-06-08,10214
2026-06-09,9460
2026-06-10,8779
2026-06-11,7662
2026-06-12,7320
2026-06-13,7076
2026-06-14,6861
2026-06-15,6561
2026-06-16,6694
2026-06-17,7621
2026-06-18,42884
2026-06-19,37484
2026-06-20,25567
2026-06-21,21765
2026-06-22,21885
2026-06-23,18634
2026-06-24,48484
2026-06-25,71991
2026-06-26,47666
2026-06-27,36837
2026-06-28,30197
2026-06-29,27641
2026-06-30,22294
2026-07-01,19029
2026-07-02,17751
2026-07-03,14743
